variable,value,count,pct
Year,2000,40220,4.002
Year,2001,40028,3.983
Year,2002,40467,4.027
Year,2003,40244,4.004
Year,2004,39871,3.967
Year,2005,40472,4.027
Year,2006,40547,4.035
Year,2007,40180,3.998
Year,2008,40336,4.014
Year,2009,39939,3.974
Year,2010,40239,4.004
Year,2011,40138,3.994
Year,2012,40466,4.026
Year,2013,40038,3.984
Year,2014,40256,4.006
Year,2015,39880,3.968
Year,2016,39987,3.979
Year,2017,40424,4.022
Year,2018,39972,3.977
Year,2019,40563,4.036
Year,2020,40032,3.983
Year,2021,40148,3.995
Year,2022,40182,3.998
Year,2023,40157,3.996
Year,2024,40214,4.001
Registration_Age,1,40214,4.001
Registration_Age,2,40157,3.996
Registration_Age,3,40182,3.998
Registration_Age,4,40148,3.995
Registration_Age,5,40032,3.983
Registration_Age,6,40563,4.036
Registration_Age,7,39972,3.977
Registration_Age,8,40424,4.022
Registration_Age,9,39987,3.979
Registration_Age,10,39880,3.968
Registration_Age,11,40256,4.006
Registration_Age,12,40038,3.984
Registration_Age,13,40466,4.026
Registration_Age,14,40138,3.994
Registration_Age,15,40239,4.004
Registration_Age,16,39939,3.974
Registration_Age,17,40336,4.014
Registration_Age,18,40180,3.998
Registration_Age,19,40547,4.035
Registration_Age,20,40472,4.027
Registration_Age,21,39871,3.967
Registration_Age,22,40244,4.004
Registration_Age,23,40467,4.027
Registration_Age,24,40028,3.983
Registration_Age,25,40220,4.002
Accidents,0,744978,74.127
Accidents,1,222955,22.185
Accidents,2,33434,3.327
Accidents,3,3395,0.338
Accidents,4,222,0.022
Accidents,5,16,0.002
Number_of_Doors,2,50514,5.026
Number_of_Doors,4,603710,60.071
Number_of_Doors,5,350776,34.903
Seats,2,20175,2.007
Seats,4,80272,7.987
Seats,5,753629,74.988
Seats,7,150924,15.017
Insurance_Valid,0,151292,15.054
Insurance_Valid,1,853708,84.946
Service_History,0,250486,24.924
Service_History,1,754514,75.076
Tax_Paid,0,100235,9.974
Tax_Paid,1,904765,90.026
