group_var,missing_col,overall_pct,min_group_pct,min_group,max_group_pct,max_group,range_pp
City,Mileage_kmpl,7.999,7.861,Hyderabad,8.179,Unknown,0.318
City,Engine_CC,8.0,7.91,Hyderabad,8.087,Pune,0.177
City,Horsepower,8.0,7.866,Chennai,8.107,Mumbai,0.241
Brand,Mileage_kmpl,7.999,7.88,Kia,8.145,BMW,0.264
Brand,Engine_CC,8.0,7.812,Kia,8.223,Honda,0.411
Brand,Horsepower,8.0,7.832,Mahindra,8.127,Nissan,0.295
Segment,Mileage_kmpl,7.999,7.994,Non-luxury,8.014,Luxury,0.02
Segment,Engine_CC,8.0,7.887,Luxury,8.034,Non-luxury,0.148
Segment,Horsepower,8.0,7.98,Luxury,8.006,Non-luxury,0.027
Year,Mileage_kmpl,7.999,7.66,2022,8.332,2004,0.672
Year,Engine_CC,8.0,7.782,2002,8.25,2022,0.468
Year,Horsepower,8.0,7.758,2015,8.234,2012,0.476
Fuel_Type,Mileage_kmpl,7.999,7.882,Unknown,8.112,Hybrid,0.229
Fuel_Type,Engine_CC,8.0,7.87,Electric,8.077,Unknown,0.207
Fuel_Type,Horsepower,8.0,7.92,Electric,8.083,Unknown,0.163
Transmission,Mileage_kmpl,7.999,7.923,Unknown,8.038,Manual,0.115
Transmission,Engine_CC,8.0,7.886,Unknown,8.031,Manual,0.146
Transmission,Horsepower,8.0,7.867,Unknown,8.017,Manual,0.15
Owner_Type,Mileage_kmpl,7.999,7.876,Third,8.029,First,0.153
Owner_Type,Engine_CC,8.0,7.919,Third,8.035,Second,0.116
Owner_Type,Horsepower,8.0,7.834,Fourth+,8.025,First,0.19
