variable,value,count,pct,is_min,is_max
Mileage_kmpl,5.0,516,0.051,True,False
Mileage_kmpl,23.5929643054982,2,0.0,False,False
Mileage_kmpl,22.6307362090633,2,0.0,False,False
Mileage_kmpl,22.8099264486911,2,0.0,False,False
Mileage_kmpl,22.1647349193622,2,0.0,False,False
Engine_CC,800.0,37028,3.684,True,False
Engine_CC,1513.15743049025,2,0.0,False,False
Engine_CC,1003.16666788331,2,0.0,False,False
Engine_CC,1889.93128656545,2,0.0,False,False
Engine_CC,1913.73426859943,2,0.0,False,False
Horsepower,100.927306287854,2,0.0,False,False
Horsepower,108.168075401989,2,0.0,False,False
Horsepower,197.427893889299,2,0.0,False,False
Horsepower,183.952574311184,2,0.0,False,False
Horsepower,165.002482867762,2,0.0,False,False
Kms_Driven,117600.0,38,0.004,False,False
Kms_Driven,124080.0,36,0.004,False,False
Kms_Driven,131670.0,35,0.003,False,False
Kms_Driven,198000.0,35,0.003,False,False
Kms_Driven,154560.0,34,0.003,False,False
Car_Price,50000.0,116375,11.58,True,False
Car_Price,400000.0,185,0.018,False,False
Car_Price,250000.0,182,0.018,False,False
Car_Price,150000.0,171,0.017,False,False
Car_Price,350000.0,167,0.017,False,False
