,count,missing,mean,median,mode,mode_freq,mode_pct,std,min,Q1,Q3,max,IQR,skewness,kurtosis_excess,mean_minus_median
Year,1005000.0,0.0,2011.9957104477612,2012.0,2019.0,40563.0,4.036,7.2114856228672535,2000.0,2006.0,2018.0,2024.0,12.0,0.0012602064349880675,-1.2043337520447586,-0.004289552238788019
Mileage_kmpl,924610.0,80390.0,17.996048393928806,17.9983620370637,5.0,516.0,0.056,3.9936003955108488,5.0,15.301693946763276,20.6891591080433,36.2817374998743,5.387465161280023,0.0034247471024547965,-0.022083410485173705,-0.0023136431348937947
Engine_CC,924597.0,80403.0,1506.6270792450723,1500.18127232698,800.0,37028.0,4.005,386.0342454533687,800.0,1230.40673163606,1769.59884004979,3362.02348636616,539.19210841373,0.1965488789914367,-0.3170988360197029,6.44580691809233
Horsepower,924597.0,80403.0,120.57187717780201,120.05279103662,17.3206098859323,2.0,0.0,36.77514978067892,-18.5099824262685,94.8405382869871,145.477890765187,290.249838940378,50.6373524781999,0.11319520605229537,-0.16157084341153416,0.5190861411820151
Kms_Driven,1005000.0,0.0,202863.89048656716,166313.0,117600.0,38.0,0.004,175370.5411915518,5000.0,84555.0,286380.0,4368000.0,201825.0,4.642777848415751,56.9797465803069,36550.890486567165
Accidents,1005000.0,0.0,0.29947860696517414,0.0,0.0,744978.0,74.127,0.5473249522340118,0.0,0.0,1.0,5.0,1.0,1.8256098965478507,3.3121512307544148,0.29947860696517414
Number_of_Doors,1005000.0,0.0,4.248505472636816,4.0,4.0,603710.0,60.071,0.6988040555169766,2.0,4.0,5.0,5.0,1.0,-1.2673414880014897,2.864110101146397,0.24850547263681566
Seats,1005000.0,0.0,5.160249751243781,5.0,5.0,753629.0,74.988,0.9140884336580163,2.0,5.0,5.0,7.0,0.0,0.22740966275945637,2.5402638283782224,0.16024975124378127
Registration_Age,1005000.0,0.0,13.004289552238806,13.0,6.0,40563.0,4.036,7.211485622867252,1.0,7.0,19.0,25.0,12.0,-0.0012602064349954284,-1.2043337520447575,0.004289552238805783
Car_Price,1005000.0,0.0,1012896.9603581683,758908.319852287,50000.0,116375.0,11.58,1141644.9363737134,50000.0,343350.41139751073,1293475.465703765,37885997.5331911,950125.0543062543,6.99115481188577,116.46581364224672,253988.6405058814
Insurance_Valid,1005000.0,0.0,0.849460696517413,1.0,1.0,853708.0,84.946,0.3575994250984022,0.0,1.0,1.0,1.0,0.0,-1.9544852001191346,1.8200160194032007,-0.15053930348258704
Service_History,1005000.0,0.0,0.7507601990049751,1.0,1.0,754514.0,75.076,0.4325731253598069,0.0,1.0,1.0,1.0,0.0,-1.1593910177506357,-0.6558137730651423,-0.24923980099502485
Tax_Paid,1005000.0,0.0,0.9002636815920398,1.0,1.0,904765.0,90.026,0.2996482513560673,0.0,1.0,1.0,1.0,0.0,-2.6715622489158934,5.137255073221767,-0.09973631840796016
