variable,group,count,mean,mode,median,std,min,max
Year,Entire,1005000.0,2011.9957104477612,2019.0,2012.0,7.2114856228672535,2000.0,2024.0
Mileage_kmpl,Entire,924610.0,17.996048393928806,5.0,17.9983620370637,3.9936003955108488,5.0,36.2817374998743
Engine_CC,Entire,924597.0,1506.6270792450723,800.0,1500.18127232698,386.0342454533687,800.0,3362.02348636616
Horsepower,Entire,924597.0,120.57187717780201,17.3206098859323,120.05279103662,36.77514978067892,-18.5099824262685,290.249838940378
Kms_Driven,Entire,1005000.0,202863.89048656716,117600.0,166313.0,175370.5411915518,5000.0,4368000.0
Accidents,Entire,1005000.0,0.29947860696517414,0.0,0.0,0.5473249522340118,0.0,5.0
Number_of_Doors,Entire,1005000.0,4.248505472636816,4.0,4.0,0.6988040555169766,2.0,5.0
Seats,Entire,1005000.0,5.160249751243781,5.0,5.0,0.9140884336580163,2.0,7.0
Registration_Age,Entire,1005000.0,13.004289552238806,6.0,13.0,7.211485622867252,1.0,25.0
Car_Price,Entire,1005000.0,1012896.9603581683,50000.0,758908.319852287,1141644.9363737134,50000.0,37885997.5331911
Insurance_Valid,Entire,1005000.0,0.849460696517413,1.0,1.0,0.3575994250984022,0.0,1.0
Service_History,Entire,1005000.0,0.7507601990049751,1.0,1.0,0.4325731253598069,0.0,1.0
Tax_Paid,Entire,1005000.0,0.9002636815920398,1.0,1.0,0.2996482513560673,0.0,1.0
Year,Luxury,232172.0,2011.980316317213,2007.0,2012.0,7.206403889889726,2000.0,2024.0
Mileage_kmpl,Luxury,213565.0,17.984661363398327,5.0,17.994732923044,3.9934033094910775,5.0,35.7233208608841
Engine_CC,Luxury,213861.0,1506.5882659964618,800.0,1499.12289870333,385.9472415813009,800.0,3349.96266562427
Horsepower,Luxury,213645.0,120.5336110589868,22.5089856813876,120.056626531457,36.73158863446782,-11.7401512296646,285.570675177067
Kms_Driven,Luxury,232172.0,202962.01578140343,124080.0,166375.5,176005.9009185305,5000.0,4344375.0
Accidents,Luxury,232172.0,0.3003592164429819,0.0,0.0,0.5470070760849622,0.0,5.0
Number_of_Doors,Luxury,232172.0,4.247549230742726,4.0,4.0,0.6979682682337429,2.0,5.0
Seats,Luxury,232172.0,5.161888599831159,5.0,5.0,0.9177352944009061,2.0,7.0
Registration_Age,Luxury,232172.0,13.0196836827869,18.0,13.0,7.206403889889725,1.0,25.0
Car_Price,Luxury,232172.0,2263044.8072359283,50000.0,2155953.2345580803,1551251.3292297407,50000.0,37885997.5331911
Insurance_Valid,Luxury,232172.0,0.8494478231655841,1.0,1.0,0.35761259725090605,0.0,1.0
Service_History,Luxury,232172.0,0.7495865134469273,1.0,1.0,0.4332520984248677,0.0,1.0
Tax_Paid,Luxury,232172.0,0.8999319470048068,1.0,1.0,0.3000913621628092,0.0,1.0
Year,Non-luxury,772828.0,2012.000335132785,2006.0,2012.0,7.213009813696593,2000.0,2024.0
Mileage_kmpl,Non-luxury,711045.0,17.99946853073483,5.0,17.9992501519387,3.993656056779595,5.0,36.2817374998743
Engine_CC,Non-luxury,710736.0,1506.6387581809377,800.0,1500.4732678923451,386.06069185284554,800.0,3362.02348636616
Horsepower,Non-luxury,710952.0,120.58337635771046,17.3206098859323,120.05171925373,36.788248099945555,-18.5099824262685,290.249838940378
Kms_Driven,Non-luxury,772828.0,202834.41181090748,146160.0,166291.0,175179.3205306855,5000.0,4368000.0
Accidents,Non-luxury,772828.0,0.2992140553913678,0.0,0.0,0.5474204891699539,0.0,5.0
Number_of_Doors,Non-luxury,772828.0,4.248792745604455,4.0,4.0,0.6990551421556741,2.0,5.0
Seats,Non-luxury,772828.0,5.159757410445791,5.0,5.0,0.9129900237392568,2.0,7.0
Registration_Age,Non-luxury,772828.0,12.999664867214957,19.0,13.0,7.213009813696593,1.0,25.0
Car_Price,Non-luxury,772828.0,637329.1420269185,50000.0,581504.6652686755,601180.8800857771,50000.0,16183316.0618304
Insurance_Valid,Non-luxury,772828.0,0.8494645639133158,1.0,1.0,0.357595699124294,0.0,1.0
Service_History,Non-luxury,772828.0,0.7511127961202234,1.0,1.0,0.43236859913605696,0.0,1.0
Tax_Paid,Non-luxury,772828.0,0.9003633408727427,1.0,1.0,0.29951512710460504,0.0,1.0
