Registration_Age,Luxury,Non-luxury
1,0.0,0.0
2,0.0,0.0
3,0.0,0.0
4,0.0,0.0
5,0.0,0.0
6,0.0,0.025655004329281982
7,0.0,0.035708488881675056
8,0.0,0.17037418027517037
9,0.0,0.3761119832548404
10,0.0,0.9091501564129301
11,0.0,1.8010735303628016
12,0.0,3.105367663813027
13,0.0,5.097095169314716
14,0.0,7.588881706528765
15,0.0,10.750290810391624
16,0.0,14.92298655527999
17,0.0,19.06283280085197
18,0.0,22.84412626098275
19,0.0,27.08046712525996
20,0.01066439159645942,31.802540601382862
21,0.0,36.83047321892875
22,0.11870076615949066,41.5792362075088
23,0.11867515373826736,46.227322264247704
24,0.33105510465612986,50.53482911557526
25,0.6401365624666595,55.23389632703343
