Brand,Model,Registration_Age,Kms_Driven,Car_Price,ref_price,price_rel,kpy_rel,excel_row
Ford,Endeavour,14,1138116,1405905.84294544,489007.745525464,2.8750175346092357,5.4196,56
Mahindra,Bolero,16,1581888,2100046.2828889,416659.731167276,5.0401949739793706,6.5912,123
Kia,Carens,22,3509352,4816403.80045864,399656.869918402,12.051347450731939,10.6344,256
Toyota,Camry,4,229880,4198061.52507525,1031188.125153305,4.071091804369965,3.8313333333333333,361
Ford,Figo,12,2042124,5610156.95296642,533341.1954466684,10.518889223000981,11.345133333333333,383
Honda,Civic,25,2486400,717181.671537729,298539.020517121,2.402304631051066,6.6304,480
Kia,Sonet,20,3270260,2486353.40012933,474388.46614519204,5.24117590870844,10.900866666666667,522
Nissan,Kicks,21,2407230,450000.0,328592.631368589,1.369476844705096,7.642,623
Kia,Sonet,8,1094856,4343103.87444324,911682.521242357,4.763833651790163,9.1238,705
Hyundai,Verna,23,3509317,350000.0,309325.9904805235,1.1314923762348301,10.171933333333333,767
BMW,X1,19,762831,17546841.1724068,1780948.6664613402,9.852524950801381,2.6766,1003
Honda,Amaze,13,398736,4594499.85010998,626034.91388205,7.339047309070084,2.0448,1006
