,Car_Price,log_Car_Price,Registration_Age,Year,Kms_Driven,Mileage_kmpl,Engine_CC,Horsepower,Accidents,Number_of_Doors,Seats,Insurance_Valid,Service_History,Tax_Paid
Car_Price,1.0,1.0,-0.4899346030344985,0.4899346030344985,-0.4543661310919464,0.0013453897336682744,0.06048290530457472,0.07193614868515402,-0.015843921549337954,-0.0015953277223521832,0.0003764297680387442,0.00011195114383336811,0.02790520102422096,-0.0010625589235266247
log_Car_Price,1.0,1.0,-0.4899346030344985,0.4899346030344985,-0.4543661310919464,0.0013453897336682744,0.06048290530457472,0.07193614868515402,-0.015843921549337954,-0.0015953277223521832,0.0003764297680387442,0.00011195114383336811,0.02790520102422096,-0.0010625589235266247
Registration_Age,-0.4899346030344985,-0.4899346030344985,1.0,-1.0,0.8129741125777028,-0.0010972637351447942,0.00047761665805508134,0.00025456092113550037,-0.000780660917296873,0.0018001189252413443,0.0014579450970677163,-0.0002032583393277094,8.362508647755775e-05,0.0010991245334567603
Year,0.4899346030344985,0.4899346030344985,-1.0,1.0,-0.8129741125777028,0.0010972637351447942,-0.00047761665805508134,-0.00025456092113550037,0.000780660917296873,-0.0018001189252413443,-0.0014579450970677163,0.0002032583393277094,-8.362508647755775e-05,-0.0010991245334567603
Kms_Driven,-0.4543661310919464,-0.4543661310919464,0.8129741125777028,-0.8129741125777028,1.0,-0.000314687076160658,-0.00026574872705528,0.0005433142483563189,0.0003070350266680342,0.0010661987881367024,0.0008877754802372049,8.65254099981624e-05,0.000499574943904936,0.0012156908476579809
Mileage_kmpl,0.0013453897336682744,0.0013453897336682744,-0.0010972637351447942,0.0010972637351447942,-0.000314687076160658,1.0,0.0005890224925817287,0.0005360852345182878,0.0009124820553725095,2.78833964491104e-05,0.002542486912276887,0.0006001557017693187,0.0005214079635648535,-0.0005758113556516366
Engine_CC,0.06048290530457472,0.06048290530457472,0.00047761665805508134,-0.00047761665805508134,-0.00026574872705528,0.0005890224925817287,1.0,0.8331752108045533,0.0011289357060923699,-0.001963623646565503,-0.0015571918038932203,0.0007705741249054951,-0.00018617547904559113,0.00015570157653888004
Horsepower,0.07193614868515402,0.07193614868515402,0.00025456092113550037,-0.00025456092113550037,0.0005433142483563189,0.0005360852345182878,0.8331752108045533,1.0,0.0008411654448911197,-0.0017078718195763665,-0.002300837289438329,0.0010892488790797696,7.492192476205747e-05,-1.531875802110905e-05
Accidents,-0.015843921549337954,-0.015843921549337954,-0.000780660917296873,0.000780660917296873,0.0003070350266680342,0.0009124820553725095,0.0011289357060923699,0.0008411654448911197,1.0,-0.0016926693382487265,-0.0011078483661113496,0.0020552114771327534,-0.001493871314278888,-0.0002997441777097875
Number_of_Doors,-0.0015953277223521832,-0.0015953277223521832,0.0018001189252413443,-0.0018001189252413443,0.0010661987881367024,2.78833964491104e-05,-0.001963623646565503,-0.0017078718195763665,-0.0016926693382487265,1.0,-0.0002499646510819167,-0.00031439381272323246,5.5343982315106585e-05,-1.3729639243082684e-05
Seats,0.0003764297680387442,0.0003764297680387442,0.0014579450970677163,-0.0014579450970677163,0.0008877754802372049,0.002542486912276887,-0.0015571918038932203,-0.002300837289438329,-0.0011078483661113496,-0.0002499646510819167,1.0,0.00314177906335137,-0.0004540689571882678,7.591578453338882e-05
Insurance_Valid,0.00011195114383336811,0.00011195114383336811,-0.0002032583393277094,0.0002032583393277094,8.65254099981624e-05,0.0006001557017693187,0.0007705741249054951,0.0010892488790797696,0.0020552114771327534,-0.00031439381272323246,0.00314177906335137,1.0,0.00045035053296235044,0.0009536001140476453
Service_History,0.02790520102422096,0.02790520102422096,8.362508647755775e-05,-8.362508647755775e-05,0.000499574943904936,0.0005214079635648535,-0.00018617547904559113,7.492192476205747e-05,-0.001493871314278888,5.5343982315106585e-05,-0.0004540689571882678,0.00045035053296235044,1.0,0.00016464971018062587
Tax_Paid,-0.0010625589235266247,-0.0010625589235266247,0.0010991245334567603,-0.0010991245334567603,0.0012156908476579809,-0.0005758113556516366,0.00015570157653888004,-1.531875802110905e-05,-0.0002997441777097875,-1.3729639243082684e-05,7.591578453338882e-05,0.0009536001140476453,0.00016464971018062587,1.0
