view,n,variable,pearson_price,spearman_price,pearson_logprice
all,1005000,Registration_Age,-0.28715655325841244,-0.48993460303482367,-0.5133956678305864
all,1005000,Year,0.28715655325841233,0.48993460303482367,0.5133956678305864
all,1005000,Kms_Driven,-0.07386958197374816,-0.45436613109383245,-0.3554179407338346
all,1005000,Mileage_kmpl,0.00013733466630065711,0.0013453897336761537,0.0016937810820377617
all,1005000,Engine_CC,0.03734853979306837,0.06048290530408633,0.06385827387193427
all,1005000,Horsepower,0.0445924185714287,0.07193614868461239,0.07627813406162348
all,1005000,Accidents,-0.01024045484315586,-0.01584392154932508,-0.017988179891157433
all,1005000,Number_of_Doors,-0.002006084195485815,-0.0015953277223505458,-0.002029748349560428
all,1005000,Seats,0.0008404936857005352,0.00037642976803982093,0.00014962759317129005
all,1005000,Insurance_Valid,0.0002047855702670213,0.0001119511438337551,5.308428200658124e-05
all,1005000,Service_History,0.0171319619701286,0.02790520102407828,0.029485206324310554
all,1005000,Tax_Paid,-0.0017211036226607837,-0.0010625589235348787,-0.001519264331924238
excl_implausible,995345,Registration_Age,-0.3570270380192644,-0.4929964029575535,-0.5183943063956602
excl_implausible,995345,Year,0.35702703801926444,0.4929964029575535,0.51839430639566
excl_implausible,995345,Kms_Driven,-0.3345537324469481,-0.47846069443628775,-0.5150477841372597
excl_implausible,995345,Mileage_kmpl,-0.00019739546945282015,0.0013307371664318486,0.00162140574837657
excl_implausible,995345,Engine_CC,0.0463459622389698,0.06080767366014597,0.06443026935244935
excl_implausible,995345,Horsepower,0.05494248911849661,0.07232058271629939,0.07684757040705305
excl_implausible,995345,Accidents,-0.013346024829280278,-0.01625879530093683,-0.018483373036609758
excl_implausible,995345,Number_of_Doors,-0.0006008289930036182,-0.0012909800980677455,-0.0016612505844285537
excl_implausible,995345,Seats,0.0007851789657507432,0.0003991145151260002,9.714285094646443e-05
excl_implausible,995345,Insurance_Valid,-0.0003838748697835083,9.538538664675329e-05,-2.8351837996778072e-05
excl_implausible,995345,Service_History,0.020295310101882746,0.027957531891768417,0.02960055606674102
excl_implausible,995345,Tax_Paid,-0.0009792844606091816,-0.0008232986496833244,-0.0012594437639561996
excl_implausible_and_floor,878982,Registration_Age,-0.24488389745809283,-0.36520226519434273,-0.3655767953413119
excl_implausible_and_floor,878982,Year,0.2448838974580925,0.36520226519434273,0.3655767953413117
excl_implausible_and_floor,878982,Kms_Driven,-0.21235187442019712,-0.3473633676738345,-0.329403356426245
excl_implausible_and_floor,878982,Mileage_kmpl,-0.0011711783093303,4.203348800501286e-05,3.714688313039794e-05
excl_implausible_and_floor,878982,Engine_CC,0.030264945673889147,0.04086803317334097,0.040362694498234396
excl_implausible_and_floor,878982,Horsepower,0.03555430501267794,0.04839185313934227,0.047601310522676375
excl_implausible_and_floor,878982,Accidents,-0.008481345708042208,-0.010250711664560503,-0.010806065648849091
excl_implausible_and_floor,878982,Number_of_Doors,-0.0002414710678344467,-0.0006945462084797354,-0.0014301028632987096
excl_implausible_and_floor,878982,Seats,0.00143562236043217,0.0013242555147911185,0.0015850560227870934
excl_implausible_and_floor,878982,Insurance_Valid,-0.0002603376622359522,0.0004171740263490361,0.00044297630002630787
excl_implausible_and_floor,878982,Service_History,0.012628581187004185,0.018363652928750033,0.018101645307057327
excl_implausible_and_floor,878982,Tax_Paid,-0.000402576882646569,0.0001223655142965644,-5.392984024704251e-05
