,count,count,mean,mean,median,median
Segment,Luxury,Non-luxury,Luxury,Non-luxury,Luxury,Non-luxury
Registration_Age,,,,,,
1,9227,30987,2888357.5570980334,1207154.4771972634,2731885.90228233,1145485.16012019
2,9145,31012,2825893.59547288,1150179.6085162242,2674580.89735831,1090900.6142894202
3,9293,30889,2798182.5638516163,1104337.2641509834,2664012.46066282,1048922.08954312
4,9201,30947,2712829.0235303403,1049797.0428122594,2582984.16886732,1002568.86705995
5,9254,30778,2628169.638084495,1006071.5627740935,2531190.5055862097,954786.636871557
6,9380,31183,2627054.6854504854,949706.110578131,2505578.9208917,903348.449341394
7,9167,30805,2565921.773861789,909820.057323593,2426239.11001477,858636.079275704
8,9316,31108,2536211.4815842533,853479.8650203892,2392974.552251025,804734.8323382204
9,9411,30576,2454338.261152117,799006.2571335341,2337796.60093299,759058.9840045185
10,9192,30688,2419998.6636984954,752484.7297515874,2308822.89925296,709142.541865877
11,9330,30926,2356096.0849187067,698422.6881543166,2245867.0860362398,658446.7174048806
12,9317,30721,2316819.4544522814,653995.1595837465,2184789.44317949,620829.247615903
13,9311,31155,2242420.9024558174,611991.1886186221,2134723.71067619,570168.698511872
14,9198,30940,2216384.0170809277,561533.6481370968,2132210.512321675,520331.9733177715
15,9291,30948,2156102.3727670745,512930.6297407293,2059164.91756338,471034.6499099105
16,9295,30644,2113776.9151635636,465549.3680056307,2008869.8224486,418291.655822479
17,9349,30987,2049011.3078830559,425378.6294513703,1960911.24571194,367221.70637615
18,9450,30730,2019866.1218142146,390667.14724077645,1930806.7662481698,328499.88632837054
19,9292,31255,1966590.9481362184,352151.08145634306,1883531.27107959,279724.483310734
20,9377,31095,1913242.0581332163,317779.99991230614,1798575.86787174,229268.135709521
21,9103,30768,1844301.1341353636,284975.05241542583,1775626.74960417,180628.718915049
22,9267,30977,1821651.5861661462,257122.08639329174,1741175.96218111,133206.188921501
23,9269,31198,1765761.4447148896,228934.39452132556,1682322.05281348,88001.69844415184
24,9364,30664,1693168.159844817,205715.42812286242,1611853.6172949402,50000.0
25,9373,30847,1668641.206049665,183544.77464833285,1592775.48396131,50000.0
