,count,count,mean,mean,median,median,Kms_range,Kms_range
,Luxury,Non-luxury,Luxury,Non-luxury,Luxury,Non-luxury,min,max
Kms_decile,,,,,,,,
1,23047,77454,2697773.7230557473,1105278.599297179,2676626.78727087,1092589.21209009,5000,37933
2,23240,77261,2586920.918867939,985590.9778272561,2544613.2435997054,967943.448644881,37934,68893
3,23245,77264,2456230.3369027907,860210.7156387431,2417522.52121879,839675.6628064655,68894,99864
4,23138,77358,2327638.040305024,722484.7064199643,2288690.30072057,700009.4534349835,99865,131568
5,23379,77118,2227814.0498548453,633767.8706803295,2179105.64813088,606195.5996169485,131570,166313
6,23151,77348,2148060.159917978,561116.1191610631,2112863.05225911,524959.953592564,166320,207096
7,23185,77321,2075826.7734292282,478398.53154847457,2009874.188067,429224.62115176,207097,256752
8,23582,76913,1960883.5927917545,390876.2060589949,1895551.886509655,319647.648412159,256755,320250
9,23018,77480,1866551.0479484564,287692.6796797177,1769926.4938024748,170630.291957834,320254,409824
10,23187,77311,2286641.850833369,346862.1127925058,1608887.06378942,50000.0,409825,4368000
