Brand,CNG,Diesel,Electric,Hybrid,Petrol,Unknown
Audi,9.039,27.83,7.516,6.675,41.051,7.889
BMW,9.06,27.844,7.524,6.622,41.108,7.842
Ford,8.931,27.857,7.51,6.684,41.327,7.691
Honda,9.067,28.05,7.525,6.575,40.827,7.956
Hyundai,8.968,27.658,7.547,6.787,41.199,7.841
Kia,8.805,27.422,7.479,6.712,41.868,7.714
Mahindra,8.977,27.837,7.504,6.588,41.315,7.779
Mercedes,9.03,27.706,7.394,6.734,41.332,7.803
Nissan,9.072,27.703,7.606,6.492,41.336,7.79
Skoda,9.053,27.6,7.629,6.63,41.053,8.035
Tata,9.109,27.58,7.594,6.621,41.314,7.782
Toyota,9.013,27.593,7.666,6.819,40.965,7.943
Volkswagen,9.104,27.983,7.533,6.457,41.145,7.777
