variable,group,count,mean,median,Q1,Q3,IQR,median_vs_overall_pct
Segment,Luxury,232172,2263044.8072359283,2155953.2345580803,1506585.130117455,2818146.8231012025,1311561.6929837475,184.08612452393623
Segment,Non-luxury,772828,637329.1420269185,581504.6652686755,231352.006194174,925050.4532418243,693698.4470476503,-23.37616414827829
Brand,Audi,77306,2082615.8030588503,1996373.7919545248,1385160.49057079,2614969.660574785,1229809.170003995,163.05862509757395
Brand,BMW,77561,2191307.600025576,2099703.18568316,1466710.18939385,2736777.42262885,1270067.2332350002,176.6741555938989
Brand,Ford,77439,555292.5824998947,499148.700244335,165213.356710548,828153.624179121,662940.2674685731,-34.22806323410861
Brand,Honda,77312,650912.5076951553,601088.1991706355,254053.05480409676,940556.1969375815,686503.1421334848,-20.795676704713074
Brand,Hyundai,77517,605701.1968682159,554232.80866494,210058.866046136,882868.757198224,672809.891152088,-26.969728204743472
Brand,Kia,77293,744362.5710372519,697309.660990982,336491.731358767,1049083.03238307,712591.3010243031,-8.11674575834067
Brand,Mahindra,77093,558638.9286100591,500086.571710706,166694.377961908,830474.764332988,663780.38637108,-34.10448157848075
Brand,Mercedes,77305,2515450.914542769,2402907.53467313,1690296.43479236,3112784.21050733,1422487.77571497,216.62685357578232
Brand,Nissan,76966,558469.729551094,499470.6246892515,164402.09173849426,824957.3312509482,660555.239512454,-34.185643822370025
Brand,Skoda,77551,745236.6979949821,700742.90133248,341760.6504803465,1050703.64834847,708942.9978681235,-7.664353782697786
Brand,Tata,77075,513824.7302900547,450583.038151497,117545.3830074085,769034.7444884849,651489.3614810765,-40.627474180386116
Brand,Toyota,77397,647854.5215327771,598276.740586965,247672.527192997,938246.060060115,690573.532867118,-21.166137603628734
Brand,Volkswagen,77185,792197.6992689567,745318.534496992,381871.836659645,1106533.78361326,724661.9469536149,-1.7907018542028919
Fuel_Type,CNG,90628,1015532.0011502653,755053.5936929475,340113.66473518126,1294414.344652845,954300.6799176638,-0.5079304124758655
Fuel_Type,Diesel,278819,1012347.1402802764,760357.636198596,345276.6210821495,1294879.143029995,949602.5219478456,0.1909738381298931
Fuel_Type,Electric,75782,1013330.4080447921,756073.4920924115,343008.8738119035,1289596.605872545,946587.7320606414,-0.37354021371477364
Fuel_Type,Hybrid,66793,1014454.622435952,762929.994446458,346128.338928147,1291255.13946612,945126.800537973,0.5299289109063521
Fuel_Type,Petrol,414245,1012885.2581379578,758189.129258419,342665.340662549,1292877.47397005,950212.133307501,-0.09476646586348281
Fuel_Type,Unknown,78733,1010133.8361009156,761560.352647732,342266.623394892,1296056.49980339,953789.8764084978,0.34945364625351694
Transmission,Automatic,323985,1012646.3009216645,758096.590072474,342828.28872127,1292657.44078397,949829.1520627001,-0.10696018986469102
Transmission,Manual,600630,1013124.234617323,759141.134392236,343472.8407804187,1293458.099860615,949985.2590801964,0.030677557994662763
Transmission,Unknown,80385,1012209.0479274876,760339.853419386,344402.194397636,1297981.31412431,953579.1197266739,0.18863063293041993
Owner_Type,First,602365,1013139.6925258277,758648.538111739,343034.472603676,1293611.47722321,950577.004619534,-0.034230978071048135
Owner_Type,Fourth+,50267,1016551.5506035013,759057.338539416,343110.7190772745,1299204.5692104101,956093.8501331357,0.019635927454064728
Owner_Type,Second,251715,1011578.6893104173,758598.595892235,344863.5463096695,1291192.94730917,946329.4009995004,-0.04081177553991733
Owner_Type,Third,100653,1012915.9359152857,760507.279693592,341936.720870846,1295571.18472897,953634.4638581241,0.21069209540571787
Color,Black,132298,1016133.474179425,760959.931139738,343686.84612971253,1294634.8743705724,950948.0282408599,0.27033717166922155
Color,Blue,132306,1011109.470764262,759390.292469891,345832.0091748423,1291360.88121304,945528.8720381978,0.06350867489473
Color,Brown,131985,1016189.790720593,761306.573832611,344324.107255192,1299191.29591857,954867.1886633779,0.316013662993031
Color,Grey,131932,1011323.7719828879,756289.7916707355,342336.5946455705,1293101.8356610201,950765.2410154496,-0.3450388028505391
Color,Red,132535,1012940.6010561191,758993.795303111,343516.64359372854,1294224.274255835,950707.6306621064,0.011262948183343724
Color,Silver,131498,1007848.7874190573,754588.2052443285,337960.695847675,1291412.89590562,953452.200057945,-0.5692538209093989
Color,Unknown,80419,1014072.6027840369,759036.18456751,346286.2054519135,1292087.5112018548,945801.3057499413,0.016848506186883938
Color,White,132027,1013993.3853547841,760557.015266189,343760.095958548,1291648.2665609499,947888.1706024018,0.21724566337906204
City,Ahmedabad,115480,1014776.5965304849,759755.6806865425,343270.46647841326,1297679.264841175,954408.7983627617,0.11165523055809423
City,Bangalore,115471,1009324.002689373,756296.967557801,344589.17747439246,1292990.50211821,948401.3246438176,-0.3440932489703341
City,Chennai,114996,1012605.4215398012,758557.0773279986,341686.81395349675,1292718.432700395,951031.6187468981,-0.046282602931102534
City,Delhi,115999,1016792.5933292572,761668.300731062,343227.1558304025,1297676.144384725,954448.9885543225,0.3636777732667573
City,Hyderabad,115854,1009305.246586056,759258.781899405,341699.833269173,1293573.7626952026,951873.9294260296,0.046179760842024464
City,Kolkata,115405,1010912.7654019381,756983.692491014,341743.715589184,1289599.75790242,947856.0423132358,-0.25360472548878743
City,Mumbai,115777,1016413.8008375763,761657.456086009,347839.048845112,1290207.33070586,942368.281860748,0.36224879366946183
City,Pune,115588,1011889.3719717758,755895.7447974461,344014.5596362032,1290834.7430911374,946820.1834549342,-0.3969616587451874
City,Unknown,80430,1014532.4843074174,760942.614794895,342136.71898407873,1295535.9320568475,953399.2130727688,0.2680554276969893
Accidents,0,744978,1018995.063258649,765227.4759992929,349803.190137842,1300816.6842691149,951013.4941312729,0.8326639702982641
Accidents,1,222955,999199.1874694604,744019.233172622,328276.89530792704,1277039.62945883,948762.734150903,-1.961908479612251
Accidents,2,33434,979340.0202664596,722735.0737714451,303290.3556521927,1248825.3003788176,945534.9447266249,-4.766484321568987
Accidents,3,3395,912426.7172921504,676006.319376756,252202.5047251525,1185564.4882082748,933361.9834831223,-10.92384920640571
Accidents,4,222,922580.9044785721,709434.6380143824,293716.834955738,1173044.3671210075,879327.5321652696,-6.51905909366417
Accidents,5,16,645636.1133819632,392982.6819458995,100986.7333192385,582989.1102854119,482002.3769661734,-48.21737070659744
Number_of_Doors,2,50514,1019356.3950585553,764138.8372209244,347075.67907343153,1294464.9956142225,947389.316540791,0.6892159740264248
Number_of_Doors,4,603710,1013939.7639996703,758753.900452513,344719.73271682777,1294775.5067008901,950055.7739840624,-0.020347569757039885
Number_of_Doors,5,350776,1010172.0223040644,758437.815184186,340343.6443816252,1290799.2614726925,950455.6170910673,-0.061997563578242154
Seats,2,20175,1016956.9571393465,759660.961280644,341430.366881407,1294669.6214132048,953239.2545317978,0.09917422284995148
Seats,4,80272,1012994.6240451086,760158.265938509,345971.710784032,1293195.80211454,947224.091330508,0.1647031734301363
Seats,5,753629,1012024.8036745383,758425.253068327,343055.376951926,1292234.18953761,949178.812585684,-0.06365285125007336
Seats,7,150924,1016657.3462132295,760610.446705848,343712.4799796645,1299570.8713044475,955858.391324783,0.2242862291840897
Insurance_Valid,0,151292,1012341.5974326774,757269.8073659956,343241.1142932535,1291999.1289212126,948758.0146279591,-0.21590387711262204
Insurance_Valid,1,853708,1012995.3803890495,759231.0259334706,343373.60217453504,1293756.301089455,950382.6989149199,0.04252240655977513
Service_History,0,250486,978951.6438190102,723252.5054586855,307976.12980772875,1257517.70584111,949541.5760333813,-4.698303268113002
Service_History,1,754514,1024166.236420147,770614.217087572,355128.00183981576,1304836.9885904,949708.9867505842,1.5424652661026883
Tax_Paid,0,100235,1018800.2766943164,760671.553678585,344527.38150316,1294000.8571312148,949473.4756280548,0.2323381863360341
Tax_Paid,1,904765,1012242.9574812294,758695.668673373,343235.625294724,1293399.4835669,950163.858272176,-0.028020667760686457
Model,3 Series,25975,2185570.041794007,2094895.82329495,1467970.3343813801,2738740.804651175,1270770.470269795,176.04069799929167
Model,A4,25919,2079561.5983229137,1995365.21014485,1374433.7081731,2620038.3952817703,1245604.6871086704,162.92572606572895
Model,Amaze,25950,655655.0985097792,606097.5224547995,254774.53845109625,943481.9330923326,688707.3946412363,-20.13560708192399
Model,Bolero,25798,557511.185640762,498908.677595504,166949.040889028,830678.9214158262,663729.8805267982,-34.259690591794936
Model,C-Class,25712,2509992.5448447075,2402060.00889367,1687964.6329750975,3109541.9942510426,1421577.361275945,216.51517661068786
Model,Camry,25976,646794.2756521796,597086.0941816985,245643.755745026,935651.917606556,690008.16186153,-21.32302696353169
Model,Carens,25819,752540.7771763708,699373.471744492,340313.73099126003,1052369.00585768,712055.27486642,-7.844801084719011
Model,City,25632,646768.0575482901,599866.88623162,255657.81211150798,940660.011299473,685002.199187965,-20.956606939244338
Model,Civic,25730,650258.0309957756,597616.056899951,251910.77782741,937817.5814644373,685906.8036370273,-21.253194718398895
Model,Corolla,25632,649654.9369211879,599135.6477277915,250398.940181759,941775.3071169549,691376.3669351959,-21.05296093678265
Model,Creta,25591,608342.9624023923,553513.26976478,208263.538438399,890340.6893881465,682077.1509497475,-27.064540566307784
Model,E-Class,25871,2525026.7802364975,2420651.75058806,1690390.386039345,3117351.832968845,1426961.4469295,218.9649773584262
Model,EcoSport,25922,557681.5596704261,497768.885429412,166114.09475933574,827328.8342699,661214.7395105642,-34.40987897901855
Model,Endeavour,25575,550573.8231120297,500254.600939947,161067.68359740102,824096.0132707485,663028.3296733475,-34.082340665692534
Model,Figo,25942,557557.4504796237,499979.999957669,168264.037870548,832316.498410176,664052.460539628,-34.11852434889836
Model,GLA,25722,2511275.8263036776,2385748.192201755,1693120.3540166726,3112179.3154724073,1419058.9614557347,214.36579752691526
Model,Harrier,25783,512799.1219436306,447508.944055407,110091.53624891449,767278.8106041006,657187.2743551861,-41.032542093818435
Model,Kicks,25524,558436.8626995608,496922.2951685055,159513.32632512023,819589.984911862,660076.6585867417,-34.52143267249647
Model,Kushaq,25939,744834.2409900207,700732.923067805,337543.6502707015,1052517.5695801,714973.9193093985,-7.665668600893072
Model,Magnite,25850,562221.977168242,502425.830769067,163977.9003722705,829607.290031619,665629.3896593485,-33.796241571464314
Model,Nexon,25535,514253.62979206676,454495.288166932,118586.71393668401,769451.4615972314,650864.7476605475,-40.11196395166752
Model,Octavia,26008,747199.9964489428,699255.786092847,348911.42144508776,1051922.8015147776,703011.3800696898,-7.86030831379615
Model,Polo,25639,797574.2746958731,748978.91396294,388609.0313538905,1112496.996530235,723887.9651763446,-1.308380159975009
Model,Punch,25757,514426.17111049086,450412.664894044,122923.963223855,770414.036405546,647490.073181691,-40.64992396160424
Model,Q3,25807,2098918.4150966555,2003128.09762746,1400594.706324875,2620398.14162461,1219803.435299735,163.9486279472264
Model,Q5,25580,2069263.2003884483,1990505.998601035,1382992.4342348673,2603781.543035222,1220789.1088003549,162.28543640007328
Model,Scorpio,25558,556274.9183556483,498700.3100772395,166032.18128976552,828023.5687878507,661991.3874980852,-34.287146809208004
Model,Seltos,25729,738283.5170646871,698352.247052981,336329.999594392,1046607.04889346,710277.0492990679,-7.979366046625036
Model,Slavia,25604,743650.1437870883,702101.1303703005,339143.0112295385,1048281.5540340925,709138.542804554,-7.485382357258031
Model,Sonet,25745,742236.1338787435,694110.750153152,332449.084064155,1047674.85012929,715225.766065135,-8.53826055191318
Model,Sunny,25592,554712.4340140221,499214.7257166595,171419.89223156625,824791.060546904,653371.1683153377,-34.21936317501091
Model,Taigun,25737,796171.9000392023,752623.12957472,383618.480884515,1106886.40015605,723267.919271535,-0.8281883480721675
Model,Verna,26046,606034.7821637628,556667.7674547916,211013.46467609075,878161.8377539836,667148.3730778928,-26.648878014258592
Model,Virtus,25809,782893.4246905337,732531.1236437,373837.882316487,1099545.729317,725707.8470005129,-3.475676246864834
Model,X1,25780,2201460.5241924664,2104233.2759415796,1468920.1150053074,2742611.5290149027,1273691.4140095953,177.27107753294166
Model,X3,25806,2186940.0378323873,2098527.506497565,1463174.8599499925,2728110.3217732273,1264935.4618232348,176.51923843792096
Model,XUV700,25737,562116.9131150193,503111.368121717,166880.875930622,833078.873331971,666197.997401349,-33.705909533362075
Model,Yaris,25789,647133.0007199752,598234.078780064,246047.135304169,936835.033664014,690787.8983598449,-21.171759074073194
Model,i20,25880,602753.2067448419,552329.088777126,210720.53194426573,880068.454907471,669347.9229632053,-27.22057798962716
