variable,Segment,n_groups,min_median,max_median,max/min,argmin,argmax
Brand,Luxury,3,1984633.89682681,2388607.90421667,1.2035508957273005,Audi,Mercedes
Brand,Non-luxury,10,447228.33199373,740750.227025039,1.6563132834693133,Tata,Volkswagen
Model,Luxury,9,1979507.282361235,2405639.84184266,1.2152720342473897,Q5,E-Class
Model,Non-luxury,30,442285.659420265,748152.580756691,1.6915596624528757,Harrier,Taigun
Fuel_Type,Luxury,5,2131313.5239658253,2150340.99638407,1.0089275802007953,Hybrid,CNG
Fuel_Type,Non-luxury,5,572166.5192500264,579565.19619238,1.0129309854621544,CNG,Diesel
Transmission,Luxury,2,2142417.08586997,2145805.84337293,1.0015817449950852,Manual,Automatic
Transmission,Non-luxury,2,577045.1599317655,578571.221029351,1.0026446129411535,Automatic,Manual
Owner_Type,Luxury,4,2134714.513906705,2158996.456258905,1.0113747961116177,Third,Fourth+
Owner_Type,Non-luxury,4,576642.5088155034,578975.724718702,1.0040462086431874,Second,Third
Color,Luxury,7,2131566.22924175,2165280.89134143,1.015816849430793,Silver,Brown
Color,Non-luxury,7,574014.3305735076,580784.3940431185,1.011794241204478,Silver,Red
City,Luxury,8,2134240.4765921254,2151642.384733945,1.00815367730707,Hyderabad,Kolkata
City,Non-luxury,8,575136.347765179,581037.2613290505,1.0102600254475322,Kolkata,Mumbai
Accidents,Luxury,6,2000099.213402945,2658703.45289423,1.3292857849640085,4,5
Accidents,Non-luxury,6,267220.9821601085,584429.912247161,2.1870659538890296,5,0
Service_History,Luxury,2,2109006.1954305703,2155797.334667565,1.0221863450844162,0,1
Service_History,Non-luxury,2,540977.8365101309,589881.211339699,1.09039811158447,0,1
Insurance_Valid,Luxury,2,2140896.93158556,2157844.62406231,1.007916164588175,1,0
Insurance_Valid,Non-luxury,2,577707.191385782,577891.8686594779,1.000319672796963,1,0
Tax_Paid,Luxury,2,2142624.72571918,2143730.64821841,1.000516153148965,0,1
Tax_Paid,Non-luxury,2,577389.5578898765,577784.598095744,1.0006841831489146,0,1
Seats,Luxury,4,2132573.382062995,2153710.4345712597,1.0099115241173167,4,2
Seats,Non-luxury,4,574829.373539477,580739.4821089716,1.010281500635751,2,4
Number_of_Doors,Luxury,3,2140129.7209085403,2144769.97572512,1.0021682119411948,2,5
Number_of_Doors,Non-luxury,3,577561.630052569,580112.7271452775,1.0044170127653327,5,2
