view,Segment,x,n,pearson_price,spearman_price,pearson_logprice,slope_price_per_unit,slope_logprice_per_unit,pct_change_per_unit
clean,Luxury,Registration_Age,228820,-0.3826136316435697,-0.3845832924180236,-0.4056607446846721,-47985.67525879359,-0.02773247857987455,-2.735146368304542
clean,Luxury,Kms_Driven,228820,-0.3677977798302483,-0.3747674384117355,-0.4128378533909579,-2.4058383601904567,-1.4720121139536605e-06,-0.00014720110305121992
clean,Luxury,Engine_CC,210764,0.05196922632364148,0.04962379603693395,0.05537310231984387,121.47728762392504,7.063782633921504e-05,0.00706403212491491
clean,Luxury,Horsepower,210557,0.06173890533316511,0.0598595103997641,0.06519360746177745,1521.6901837663077,0.000873862969596145,0.08742448990841645
clean,Luxury,Mileage_kmpl,210478,-0.0012780623913581346,-0.001968715313617659,-0.0009190596883094173,-289.3303584165545,-0.00011329767125794319,-0.011329125331915879
clean,Luxury,Accidents,228820,-0.01753017866259587,-0.016015677864927354,-0.018166927400414073,-28956.616518624287,-0.016357520899750608,-1.6224463140980694
clean,Luxury,Service_History,228820,0.02307729691812034,0.023352645217081285,0.02484053454579551,48123.87344623008,0.02823651578316802,2.863894499848163
clean,Non-luxury,Registration_Age,761575,-0.6888155251503829,-0.71284925136001,-0.6808525446991287,-42037.00431360558,-0.10362189222540773,-9.843387785700298
clean,Non-luxury,Kms_Driven,761575,-0.6381626698690496,-0.6904537699106419,-0.6744389071072382,-2.0310352008140886,-5.35301292274462e-06,-0.0005352998595387071
clean,Non-luxury,Engine_CC,700357,0.0880537436843621,0.08711798810851668,0.08396404146085525,100.38104433939938,0.0002386540877340972,0.023868256788639464
clean,Non-luxury,Horsepower,700626,0.10506186829552344,0.10353071373899997,0.10053035636498205,1259.023283403681,0.0029997685498055703,0.30042723578163066
clean,Non-luxury,Mileage_kmpl,700679,0.0030125981862733847,0.0036548459215880093,0.003607107452217443,331.88596797243065,0.0009914084536688215,0.09919000614777573
clean,Non-luxury,Accidents,761575,-0.025446739423462005,-0.023974346594599034,-0.02449389062020437,-20467.665887187788,-0.04913190142935786,-4.794445607085662
clean,Non-luxury,Service_History,761575,0.0412520041784808,0.04148605302189318,0.039855274015232235,42002.48072221916,0.10120111766760671,10.64991559163564
clean_nofloor,Luxury,Registration_Age,228706,-0.38155808088608445,-0.38376433196676035,-0.4057851695100049,-47817.260728056855,-0.027372436195448373,-2.7001205934787498
clean_nofloor,Luxury,Kms_Driven,228706,-0.3658814845518848,-0.3738565405474662,-0.4094981266519064,-2.3942481431936096,-1.442360730977137e-06,-0.0001442359690795314
clean_nofloor,Luxury,Engine_CC,210657,0.0515572546283511,0.04929776257461102,0.05458374342460654,120.37251909244357,6.86588518697226e-05,0.006866120894266636
clean_nofloor,Luxury,Horsepower,210453,0.061172815683924825,0.05944640990079631,0.06396518776916156,1506.1590524298356,0.0008458304747687842,0.0846188290241523
clean_nofloor,Luxury,Mileage_kmpl,210376,-0.0013720611312083744,-0.0020507534424659586,-0.0012292150492991805,-310.248584103635,-0.00014950664121269634,-0.014949546565179439
clean_nofloor,Luxury,Accidents,228706,-0.01752476616738825,-0.015969062324886357,-0.01832026785897086,-28914.420897541753,-0.016269991647761644,-1.6138350235470278
clean_nofloor,Luxury,Service_History,228706,0.02301052346652164,0.023299044388871096,0.024859828077599497,47932.64946202529,0.0278738078163374,2.826591711232096
clean_nofloor,Non-luxury,Registration_Age,645886,-0.6005017696962046,-0.6284718021488775,-0.5930210713938089,-35707.25451677321,-0.06255649685647331,-6.064000957227755
clean_nofloor,Non-luxury,Kms_Driven,645886,-0.5464570499882249,-0.5983586799025895,-0.5580715360517875,-1.8689830262990728,-3.3860964461381008e-06,-0.0003386090713375367
clean_nofloor,Non-luxury,Engine_CC,594023,0.07108930741037185,0.06873256187997648,0.06354793428934315,74.15380853355302,0.00011753930072114208,0.011754620873549726
clean_nofloor,Non-luxury,Horsepower,594234,0.08465226894710542,0.08148647852940177,0.07584799061773317,930.5660344300462,0.0014761237540864163,0.1477213761017504
clean_nofloor,Non-luxury,Mileage_kmpl,594316,0.0019152467136774555,0.0024680442645441778,0.002420054550133042,193.12271483935243,0.000433166958625285,0.04332607889798723
clean_nofloor,Non-luxury,Accidents,645886,-0.02008607585903325,-0.018188593702226155,-0.017608482468391008,-14911.037300772194,-0.023189683173996854,-2.292286889677597
clean_nofloor,Non-luxury,Service_History,645886,0.0333402539428164,0.032807621015611674,0.030461414836131365,31317.934870144076,0.05076149590449296,5.207193989125547
