Registration_Age,Luxury,Non-luxury,Luxury_index_age1_100,Non-luxury_index_age1_100
1,2715831.7386598904,1140657.7129269,100.0,100.0
2,2660176.8944573,1086206.430977705,97.95072561343389,95.22632588794106
3,2653880.770955305,1044268.131214865,97.71889521641887,91.5496488894375
4,2568883.95565243,998751.190662055,94.58921622736574,87.55923703871547
5,2521554.86224245,949019.040278311,92.84650541298612,83.19928314368306
6,2493170.447018825,899029.6912551676,91.80135910220505,78.8167809735209
7,2415571.37335935,852819.587850832,88.94407333759558,74.76560042385701
8,2378335.07466889,800236.8118043005,87.57299065377534,70.15573582989347
9,2327654.28234467,755226.222747623,85.7068664899408,66.2097151659748
10,2294295.02785423,704561.3461119514,84.47854096389399,61.767990355675074
11,2230082.30357278,653291.4908830104,82.11415574196064,57.273227847351365
12,2170605.82156683,616673.150840248,79.92416432388781,54.062944900261066
13,2119896.46340175,566849.652884285,78.05698833344512,49.69498268062928
14,2119956.11245406,516566.373684761,78.05918467909719,45.286712028559755
15,2048960.21482772,467525.986689633,75.44503533340273,40.987404143349245
16,1997089.8223645,415389.1567972465,73.5351087453581,36.41663507726327
17,1948673.88507745,364586.861590308,71.75237910869289,31.96286295691518
18,1918687.69644146,325153.6947394195,70.64825368703526,28.505807750607588
19,1866543.9848755049,275753.9416654795,68.72826318012393,24.174994701776185
20,1786548.0536024552,225631.697582866,65.78272240400342,19.78084179204825
21,1763167.78301717,176248.13359198748,64.92183436545275,15.4514480193834
22,1725153.24487661,129169.604722008,63.52209602380874,11.324133721987637
23,1671418.45591511,82487.7495809627,61.54352024547222,7.231595302091206
24,1604730.11819437,50000.0,59.08798013334264,4.383435927654512
25,1583530.20285465,50000.0,58.307375243947654,4.383435927654512
