City,n,pct_of_total,mean_price,median_price,pct_luxury,median_Luxury,median_Non-luxury
Ahmedabad,113814,11.491778532807617,968024.306548385,753959.3707371275,23.231764106348958,2135851.82777325,579136.672448296
Bangalore,113747,11.485013555197673,965342.7105709462,751255.437926484,23.050278249096678,2146584.22006412,576604.45705924
Chennai,113362,11.446140176394266,966389.2166312399,753481.0658771425,23.12679733949648,2139573.95594891,577555.06567052
Delhi,114287,11.539537255337518,967829.421241575,756187.114881287,23.08399030510907,2150875.171260805,578750.880782833
Hyderabad,114158,11.526512149193,965209.4710131102,754123.812758907,23.034741323428932,2134240.4765921254,578557.7030839114
Kolkata,113777,11.488042649649888,966890.1816967952,752153.186241106,23.06968895295183,2151642.384733945,575136.347765179
Mumbai,114079,11.51853553380217,969100.6182637417,756563.083624083,23.158512960316973,2140529.6633374,581037.2613290505
Pune,113928,11.503289091726028,964352.3002331688,750335.0424119175,23.041745663928097,2145697.96014579,576491.305829692
Unknown,79243,8.00115105589184,968892.147443742,755849.175786323,23.15283368878008,2150424.9662135,576450.7609503521
