Brand,n,pct_of_total,mean_price,median_price,pct_luxury,median_Luxury,median_Non-luxury
Mercedes,76182,7.69208245195099,2393731.915928601,2388607.90421667,100.0,2388607.90421667,
BMW,76383,7.71237738478082,2091054.0265790867,2087018.4118142,100.0,2087018.4118142,
Audi,76255,7.699453248451375,1991372.3628768125,1984633.89682681,100.0,1984633.89682681,
Volkswagen,76037,7.677441828765291,757186.8186461584,740750.227025039,0.0,,740750.227025039
Skoda,76434,7.717526845349583,712411.8456046756,696931.684833176,0.0,,696931.684833176
Kia,76195,7.6933950595469485,710070.4804420372,692866.984930358,0.0,,692866.984930358
Honda,76197,7.693596999177096,621797.2625571508,597538.366257813,0.0,,597538.366257813
Toyota,76251,7.69904936919108,618760.5351859725,594584.380418005,0.0,,594584.380418005
Hyundai,76419,7.716012298123476,578601.8079996071,550314.274774225,0.0,,550314.274774225
Mahindra,75956,7.669263273744314,533933.6137938151,496917.8413991995,0.0,,496917.8413991995
Ford,76364,7.710458958294418,533603.4473265562,496303.4418158205,0.0,,496303.4418158205
Nissan,75823,7.655834288339501,532291.3208544573,496176.225232098,0.0,,496176.225232098
Tata,75899,7.6635079942851085,487936.39237875876,447228.33199373,0.0,,447228.33199373
