Segment,Brand,Model,n,median,mean
Luxury,Audi,A4,25573,1980757.99056452,1986207.7268986485
Luxury,Audi,Q3,25452,1992989.374399085,2001209.340928332
Luxury,Audi,Q5,25230,1979507.282361235,1986683.6776014373
Luxury,BMW,3 Series,25577,2081408.62701662,2090866.8074535376
Luxury,BMW,X1,25393,2092501.4744166,2095445.0493535341
Luxury,BMW,X3,25413,2087742.4672577,2086854.8868577867
Luxury,Mercedes,C-Class,25364,2386004.090962035,2392322.0802475773
Luxury,Mercedes,E-Class,25461,2405639.84184266,2398969.338263122
Luxury,Mercedes,GLA,25357,2370146.72385285,2389883.2375421296
Non-luxury,Ford,EcoSport,25548,495302.77828397346,532860.6377851625
Non-luxury,Ford,Endeavour,25249,497684.874505119,532655.5593397492
Non-luxury,Ford,Figo,25567,495972.68210488,535281.8030954152
Non-luxury,Honda,Amaze,25576,601743.323078317,624341.9648528154
Non-luxury,Honda,City,25273,596972.332999442,621769.0056146402
Non-luxury,Honda,Civic,25348,594818.7256396265,619257.8445278846
Non-luxury,Hyundai,Creta,25193,549840.097274097,581827.1160417577
Non-luxury,Hyundai,Verna,25678,552258.9564935185,577709.7245615753
Non-luxury,Hyundai,i20,25548,548501.0373798665,576317.9397130827
Non-luxury,Kia,Carens,25425,694459.721948002,711977.7397064411
Non-luxury,Kia,Seltos,25398,694288.6154291715,710599.2357674695
Non-luxury,Kia,Sonet,25372,689837.264459593,707629.9399031444
Non-luxury,Mahindra,Bolero,25425,496033.591902024,533374.3069438641
Non-luxury,Mahindra,Scorpio,25194,495196.579818501,533027.1447698966
Non-luxury,Mahindra,XUV700,25337,499558.621623691,535396.2162032797
Non-luxury,Nissan,Kicks,25144,493381.33185979305,529100.0272619246
Non-luxury,Nissan,Magnite,25455,498495.471528667,535764.920179534
Non-luxury,Nissan,Sunny,25224,496630.5103083935,531967.082639694
Non-luxury,Skoda,Kushaq,25559,697170.246480121,711909.8620503525
Non-luxury,Skoda,Octavia,25641,694508.374875843,712777.4854090656
Non-luxury,Skoda,Slavia,25234,698750.576883683,712548.757209676
Non-luxury,Tata,Harrier,25385,442285.659420265,485686.68958678044
Non-luxury,Tata,Nexon,25135,451540.244272018,489324.1240848677
Non-luxury,Tata,Punch,25379,447196.035975713,488812.23732699634
Non-luxury,Toyota,Camry,25581,593819.588564786,617088.7416970661
Non-luxury,Toyota,Corolla,25264,594825.9021694725,620842.6090267305
Non-luxury,Toyota,Yaris,25406,595133.843531108,618373.4075675672
Non-luxury,Volkswagen,Polo,25251,745295.341543857,762750.6893166453
Non-luxury,Volkswagen,Taigun,25350,748152.580756691,759741.5566294751
Non-luxury,Volkswagen,Virtus,25436,727723.800699358,749117.3145504855
