,size,size,median,median,mean,mean
Segment,Luxury,Non-luxury,Luxury,Non-luxury,Luxury,Non-luxury
Year,,,,,,
2000,9236,30399,1583530.20285465,50000.0,1590979.290026044,176362.09391278206
2001,9245,30230,1604730.11819437,50000.0,1623964.8170211776,198436.09367660986
2002,9145,30701,1671418.45591511,82487.7495809627,1681947.5955870198,218105.35423930915
2003,9125,30546,1725153.24487661,129169.604722008,1732703.3835465005,247147.18629195823
2004,8987,30344,1763167.78301717,176248.13359198748,1777935.3401869205,272625.4918371296
2005,9240,30676,1786548.0536024552,225631.697582866,1810168.7666557918,303819.3188096137
2006,9150,30800,1866543.9848755049,275753.9416654795,1871193.8962204172,335123.3760933711
2007,9320,30258,1918687.69644146,325153.6947394195,1925351.8062138725,371972.69513629744
2008,9235,30520,1948673.88507745,364586.861590308,1972380.372993934,405431.8354194276
2009,9153,30224,1997089.8223645,415389.1567972465,2011480.7339871286,445172.57410867006
2010,9169,30477,2048960.21482772,467525.986689633,2069701.2534877162,490193.118478787
2011,9067,30459,2119956.11245406,516566.373684761,2122201.556591113,535635.5821551612
2012,9185,30696,2119896.46340175,566849.652884285,2143536.1917783716,581200.9566059109
2013,9169,30291,2170605.82156683,616673.150840248,2194415.9694768814,627320.823141377
2014,9193,30462,2230082.30357278,653291.4908830104,2256498.6092953063,667363.0186206196
2015,9051,30250,2294295.02785423,704561.3461119514,2305587.729869157,717214.5937969962
2016,9267,30115,2327654.28234467,755226.222747623,2354366.0420261654,764411.3559878247
2017,9185,30652,2378335.07466889,800236.8118043005,2407840.864118018,813738.7787338606
2018,9041,30329,2415571.37335935,852819.587850832,2444223.15859267,862687.7144145748
2019,9240,30728,2493170.447018825,899029.6912551676,2504302.4347119494,909206.4037096231
2020,9137,30327,2521554.86224245,949019.040278311,2534109.4267912577,961289.4320872299
2021,9059,30556,2568883.95565243,998751.190662055,2587364.9116870263,1009307.0341970068
2022,9158,30450,2653880.770955305,1044268.131214865,2662621.137051254,1054881.2439595943
2023,8989,30550,2660176.8944573,1086206.430977705,2681223.8518543225,1097732.2478952685
2024,9074,30535,2715831.7386598904,1140657.7129269,2727073.7380544203,1151555.80944913
