Registration_Age,count,mean,std,min,10%,50%,90%,max
1,39609.0,15033.081698603854,5772.275654926562,5000.0,7029.0,15112.0,23018.0,24999.0
2,39539.0,29929.96696932143,11607.757675653222,10000.0,13927.6,29850.0,46044.40000000001,49998.0
3,39608.0,44956.42190971521,17281.049342678394,15000.0,21063.0,44898.0,69009.90000000001,74997.0
4,39615.0,59899.960419033196,23050.17676580967,20000.0,27901.6,59856.0,91924.0,99996.0
5,39464.0,75000.4984289479,28830.517129527114,25000.0,34908.0,74980.0,114980.0,124995.0
6,39968.0,89769.0076561249,34592.331365207196,30000.0,41830.200000000004,89868.0,137664.0,149988.0
7,39370.0,104852.99928879857,40434.99310771073,35000.0,48880.3,104387.5,161280.69999999998,174993.0
8,39837.0,120004.50053969928,46306.675359509136,40000.0,55728.0,120232.0,184120.0,199992.0
9,39382.0,134830.35907267279,52044.18576867207,45000.0,63027.0,134703.0,206819.1,224991.0
10,39301.0,149786.63214676472,57608.36700226326,50000.0,70060.0,149770.0,229370.0,249990.0
11,39655.0,165214.54507628293,63624.73660286033,55000.0,76945.0,165880.0,253204.59999999998,274989.0
12,39460.0,180074.58124683224,69255.9775288797,60000.0,83820.0,180096.0,275700.0,299988.0
13,39881.0,195035.68521351018,74900.75354635553,65000.0,91780.0,194662.0,299286.0,324987.0
14,39526.0,209735.90699792543,80856.17226164,70014.0,97762.0,209881.0,321790.0,349986.0
15,39646.0,225109.89393633656,86711.43605766613,75000.0,104925.0,224985.0,345270.0,374985.0
16,39377.0,239698.26934504914,92384.07369083162,80000.0,112176.0,238880.0,367766.4,399984.0
17,39755.0,255444.68544837128,98166.62809322077,85000.0,119986.0,255476.0,391578.0,424983.0
18,39578.0,270626.3179544191,103845.5248965762,90000.0,126174.6,271305.0,414036.0,449982.0
19,39950.0,284374.0363204005,109332.40315874018,95000.0,133114.0,284154.5,436203.89999999997,474981.0
20,39916.0,299887.119951899,115976.32641339126,100000.0,139420.0,299320.0,461020.0,499980.0
21,39331.0,315851.24509928556,121571.33490043915,105000.0,146811.0,316575.0,483882.0,524979.0
22,39671.0,330072.09573744045,127156.31205972358,110000.0,153780.0,330022.0,506484.0,549978.0
23,39846.0,345233.3600110425,133126.11269117013,115000.0,160356.0,345517.5,529333.5,574977.0
24,39475.0,360664.64283723873,139201.8514332723,120000.0,167304.0,360552.0,553296.0,599976.0
25,39635.0,375392.3817333165,144407.23100439348,125000.0,175160.0,376700.0,575750.0,624950.0
