Registration_Age,S0 gốc,S1 −duplicates,S2 −dup −implausible (đề xuất),S2b −dup −Kms>1M (Guide),S3 = S2 −NaN/Unknown (listwise),S4 = S2 −giá sàn
1,4.001393034825871,4.0012,3.9993134052574986,4.016813353505074,3.9996167945223307,4.528854597343676
2,3.995721393034826,3.9934,3.9922455182023335,4.008982916596811,3.9793719768341442,4.520850865317771
3,3.998208955223881,3.9995000000000003,3.9992124354424243,4.01510671981994,3.994736347401071,4.528740258314734
4,3.9948258706467663,3.9959000000000002,3.999919224147941,4.011492672016127,4.008112387659338,4.529540631517325
5,3.9832835820895522,3.9826,3.9846727820718,3.998140773185371,4.006485571952251,4.512275438147159
6,4.036119402985074,4.0346,4.035561568868987,4.049640954389712,4.075354103552242,4.56898759650214
7,3.977313432835821,3.9780999999999995,3.9751816194548635,3.9916154090951528,3.955331255829423,4.500269840108302
8,4.02228855721393,4.0236,4.022334523094321,4.035084372957687,4.013896621284534,4.548863927408437
9,3.9788059701492537,3.9779,3.97639325723575,3.986395117822978,3.981541064443593,4.489979327503567
10,3.9681592039801,3.9696000000000002,3.968214702214773,3.9741475113767217,4.002508911334929,4.46185192638396
11,4.005572139303482,4.0032,4.003958016750892,4.006673941611042,4.026188117738076,4.470656031612455
12,3.983880597014925,3.9838,3.9842689028115044,3.985290825438479,3.9943748327994966,4.403196004536972
13,4.026467661691542,4.028099999999999,4.0267771949575675,4.025346521930745,4.021849942519178,4.379527825546083
14,3.9938308457711442,3.9916,3.9909329106063742,3.988101751508112,3.9728647140057984,4.252725842449965
15,4.003880597014926,4.0024,4.0030492884152284,3.9972372612344182,4.021669185218391,4.154965972704987
16,3.9740298507462684,3.975,3.97588840816038,3.9679233179368203,3.957319586138084,3.981284987742856
17,4.013532338308458,4.014,4.0140549982582705,4.0056700394433165,4.026188117738076,3.874034978595734
18,3.9980099502487563,3.9981000000000004,3.9961833409902106,3.9872986297739312,3.9804565206388682,3.72688064834803
19,4.03452736318408,4.0343,4.033744112197659,4.022134034994021,4.029441749152248,3.6046522264095717
20,4.027064676616916,4.0296,4.03031113848515,4.016712963288302,4.012992834780596,3.436688192894515
21,3.9672636815920397,3.9695,3.9712437966669865,3.95708117452538,3.964911392771154,3.207095422779994
22,4.004378109452737,4.004,4.005573533792073,3.9908122873609724,3.9681650241853266,3.069774249021258
23,4.026567164179105,4.0259,4.023243251429985,4.008480965512949,4.017692524601069,2.9143875086897664
24,3.982885572139303,3.9827000000000004,3.9857834500376113,3.9691280005380913,3.9849754531585533,2.7476812044930665
25,4.001990049751244,4.0014,4.001938620449417,3.984688484137844,4.003954969741228,2.5862344956276755
